Datetime,Water Level (m)
2025-11-26 00:00:00,0.35638085
2025-11-26 01:00:00,0.119387195
2025-11-26 02:00:00,-0.08069472
2025-11-26 03:00:00,-0.24777664
2025-11-26 04:00:00,-0.38895294
2025-11-26 05:00:00,-0.49611115
2025-11-26 06:00:00,-0.5265973
2025-11-26 07:00:00,-0.33672148
2025-11-26 08:00:00,-0.08196767
2025-11-26 09:00:00,0.14297372
2025-11-26 10:00:00,0.29030496
2025-11-26 11:00:00,0.31746387
2025-11-26 12:00:00,0.18098116
2025-11-26 13:00:00,-0.021195058
2025-11-26 14:00:00,-0.20282032
2025-11-26 15:00:00,-0.35836956
2025-11-26 16:00:00,-0.48110947
2025-11-26 17:00:00,-0.5500642
2025-11-26 18:00:00,-0.47514609
2025-11-26 19:00:00,-0.23768035
2025-11-26 20:00:00,0.03042291
2025-11-26 21:00:00,0.27439392
2025-11-26 22:00:00,0.46817276
2025-11-26 23:00:00,0.5599777
2025-11-27 00:00:00,0.49227244
2025-11-27 01:00:00,0.27423826
2025-11-27 02:00:00,0.054344863
2025-11-27 03:00:00,-0.13308983
2025-11-27 04:00:00,-0.2885551
2025-11-27 05:00:00,-0.41868335
2025-11-27 06:00:00,-0.50439864
2025-11-27 07:00:00,-0.48802292
2025-11-27 08:00:00,-0.28543204
2025-11-27 09:00:00,-0.05921551
2025-11-27 10:00:00,0.13452724
2025-11-27 11:00:00,0.27428412
2025-11-27 12:00:00,0.3189845
2025-11-27 13:00:00,0.23340075
2025-11-27 14:00:00,0.045659717
2025-11-27 15:00:00,-0.13946804
2025-11-27 16:00:00,-0.29322064
2025-11-27 17:00:00,-0.42093903
2025-11-27 18:00:00,-0.49748042
2025-11-27 19:00:00,-0.41803637
2025-11-27 20:00:00,-0.17000778
2025-11-27 21:00:00,0.08774001
2025-11-27 22:00:00,0.3111866
2025-11-27 23:00:00,0.47728696
2025-11-28 00:00:00,0.5373383
2025-11-28 01:00:00,0.4507617
2025-11-28 02:00:00,0.24920207
2025-11-28 03:00:00,0.046072993
2025-11-28 04:00:00,-0.1288021
2025-11-28 05:00:00,-0.2786255
2025-11-28 06:00:00,-0.40842068
2025-11-28 07:00:00,-0.4986583
2025-11-28 08:00:00,-0.50442934
2025-11-28 09:00:00,-0.3064309
2025-11-28 10:00:00,-0.06599286
2025-11-28 11:00:00,0.15135825
2025-11-28 12:00:00,0.31166714
2025-11-28 13:00:00,0.37881425
2025-11-28 14:00:00,0.31563002
2025-11-28 15:00:00,0.13552828
2025-11-28 16:00:00,-0.052429415
2025-11-28 17:00:00,-0.21164757
2025-11-28 18:00:00,-0.34482783
2025-11-28 19:00:00,-0.43104824
2025-11-28 20:00:00,-0.40757573
2025-11-28 21:00:00,-0.19690901
2025-11-28 22:00:00,0.052503638
2025-11-28 23:00:00,0.28397426
2025-11-29 00:00:00,0.45587295
2025-11-29 01:00:00,0.52495736
2025-11-29 02:00:00,0.456542
2025-11-29 03:00:00,0.26353765
2025-11-29 04:00:00,0.05832671
2025-11-29 05:00:00,-0.12381992
2025-11-29 06:00:00,-0.28054395
2025-11-29 07:00:00,-0.41760513
2025-11-29 08:00:00,-0.5219328
2025-11-29 09:00:00,-0.5575352
2025-11-29 10:00:00,-0.37071866
2025-11-29 11:00:00,-0.10048978
2025-11-29 12:00:00,0.15896127
2025-11-29 13:00:00,0.35821348
2025-11-29 14:00:00,0.46296725
2025-11-29 15:00:00,0.43224514
2025-11-29 16:00:00,0.25505733
2025-11-29 17:00:00,0.04696697
2025-11-29 18:00:00,-0.13372815
2025-11-29 19:00:00,-0.27997595
2025-11-29 20:00:00,-0.39327106
2025-11-29 21:00:00,-0.4345871
2025-11-29 22:00:00,-0.28426942
2025-11-29 23:00:00,-0.03296549
2025-11-30 00:00:00,0.219446
2025-11-30 01:00:00,0.40808326
2025-11-30 02:00:00,0.5104165
2025-11-30 03:00:00,0.48040268
2025-11-30 04:00:00,0.30060443
2025-11-30 05:00:00,0.083955154
2025-11-30 06:00:00,-0.1121929
2025-11-30 07:00:00,-0.28151503
2025-11-30 08:00:00,-0.43234026
2025-11-30 09:00:00,-0.55439943
2025-11-30 10:00:00,-0.61715335
2025-11-30 11:00:00,-0.41526157
2025-11-30 12:00:00,-0.10800057
2025-11-30 13:00:00,0.19507843
2025-11-30 14:00:00,0.42841688
2025-11-30 15:00:00,0.5593832
2025-11-30 16:00:00,0.54889905
2025-11-30 17:00:00,0.3582285
2025-11-30 18:00:00,0.12772153
2025-11-30 19:00:00,-0.07166539
2025-11-30 20:00:00,-0.23684482
2025-11-30 21:00:00,-0.37382993
2025-11-30 22:00:00,-0.46668574
2025-11-30 23:00:00,-0.4177646
2025-12-01 00:00:00,-0.13299273
2025-12-01 01:00:00,0.15797275
2025-12-01 02:00:00,0.39600664
2025-12-01 03:00:00,0.538597
2025-12-01 04:00:00,0.5325768
2025-12-01 05:00:00,0.3430233
2025-12-01 06:00:00,0.10623525
2025-12-01 07:00:00,-0.10365817
2025-12-01 08:00:00,-0.28393826
2025-12-01 09:00:00,-0.4438115
2025-12-01 10:00:00,-0.5754158
2025-12-01 11:00:00,-0.6489261
2025-12-01 12:00:00,-0.42654577
2025-12-01 13:00:00,-0.08689395
2025-12-01 14:00:00,0.25668728
2025-12-01 15:00:00,0.5259853
2025-12-01 16:00:00,0.6847434
2025-12-01 17:00:00,0.6785039
2025-12-01 18:00:00,0.46387368
2025-12-01 19:00:00,0.2088843
2025-12-01 20:00:00,-0.011403374
2025-12-01 21:00:00,-0.19177811
2025-12-01 22:00:00,-0.34974402
2025-12-01 23:00:00,-0.46958777
2025-12-02 00:00:00,-0.47963858
